matrix_size,device,device_name,dtype,median_ms,achieved_gflops,trials,inner_loops
128,cpu,CPU (arm),float32,0.005048333667218685,830.8293937137475,7,500
128,mps,Apple GPU via MPS (arm64),float32,0.014939416199922562,280.7542104638427,7,500
256,cpu,CPU (arm),float32,0.026162415742874146,1282.5433373498477,7,500
256,mps,Apple GPU via MPS (arm64),float32,0.015987583436071873,2098.780727817379,7,500
512,cpu,CPU (arm),float32,0.17302874941378832,1551.392221867431,7,100
512,mps,Apple GPU via MPS (arm64),float32,0.08170374669134617,3285.4730274986514,7,100
1024,cpu,CPU (arm),float32,1.0598333552479744,2026.2465201404639,7,20
1024,mps,Apple GPU via MPS (arm64),float32,0.6203353870660067,3461.81064755459,7,20
2048,cpu,CPU (arm),float32,8.781400043517351,1956.3929554356891,7,5
2048,mps,Apple GPU via MPS (arm64),float32,4.914449993520975,3495.7867526680075,7,5
4096,cpu,CPU (arm),float32,72.21104204654694,1903.2955290052098,7,1
4096,mps,Apple GPU via MPS (arm64),float32,40.32599972561002,3408.197054187748,7,1
