device,batch,sequence,dtype,median_latency_ms,tokens_per_second,memory_gib,memory_measurement,status
mps,1,128,fp32,0.8135419338941574,157336.69607822935,0.006422996520996094,snapshot_tensor_allocated,ok
mps,1,128,fp16,0.7946668192744255,161073.79457074983,0.00321197509765625,snapshot_tensor_allocated,ok
mps,1,512,fp32,0.9253544267266989,553301.5082784252,0.0066089630126953125,snapshot_tensor_allocated,ok
mps,1,512,fp16,0.6476042326539755,790606.3212430688,0.0033063888549804688,snapshot_tensor_allocated,ok
mps,1,2048,fp32,2.8662499971687794,714522.4603656243,0.0073528289794921875,snapshot_tensor_allocated,ok
mps,1,2048,fp16,2.495041349902749,820828.0796948822,0.0036840438842773438,snapshot_tensor_allocated,ok
mps,8,128,fp32,1.1113118380308151,921433.5391355796,0.0068569183349609375,snapshot_tensor_allocated,ok
mps,8,128,fp16,0.7446249946951866,1375188.8632467622,0.0034322738647460938,snapshot_tensor_allocated,ok
mps,8,512,fp32,3.41420853510499,1199692.390750246,0.008344650268554688,snapshot_tensor_allocated,ok
mps,8,512,fp16,1.9766045734286308,2072240.474934778,0.004187583923339844,snapshot_tensor_allocated,ok
mps,8,2048,fp32,20.393312443047762,803400.6268356582,0.014295578002929688,snapshot_tensor_allocated,ok
mps,8,2048,fp16,14.853978995233774,1103004.1179711623,0.007208824157714844,snapshot_tensor_allocated,ok
mps,32,128,fp32,2.756270579993725,1486066.001549574,0.008344650268554688,snapshot_tensor_allocated,ok
mps,32,128,fp16,1.4537081588059664,2817621.938205489,0.004187583923339844,snapshot_tensor_allocated,ok
mps,32,512,fp32,11.981562478467822,1367434.3416765418,0.014295578002929688,snapshot_tensor_allocated,ok
mps,32,512,fp16,6.764811929315329,2421944.641062362,0.007208824157714844,snapshot_tensor_allocated,ok
mps,32,2048,fp32,98.23097963817418,667162.2357976732,0.03809928894042969,snapshot_tensor_allocated,ok
mps,32,2048,fp16,58.23460454121232,1125378.9824162114,0.019293785095214844,snapshot_tensor_allocated,ok
